{"cameraMode":{"drawMode":0,"name":"Shaded","section":"Shading Mode"},"sceneLighting":true,"audioPlay":false,"sceneViewState":{"m_AlwaysRefresh":false,"showFog":true,"showSkybox":true,"showFlares":true,"showImageEffects":true,"showParticleSystems":true,"showVisualEffectGraphs":true,"m_FxEnabled":true},"in2DMode":false,"pivot":{"x":18.774778366088868,"y":0.9306726455688477,"z":8.999714851379395},"rotation":{"x":-0.12219173461198807,"y":0.6808682084083557,"z":-0.11674175411462784,"w":-0.7126466631889343},"size":1.6321961879730225,"orthographic":false}